{
  "north": 51.72702815704774,
  "south": 51.234407351634594,
  "west": -0.52734375,
  "east": 0.3515625,
  "zoom": 12,
  "width": 2560,
  "height": 2304
}